{
  "project_info": {
    "project_number": "892283443004",
    "project_id": "delivery-service-c1e7f",
    "storage_bucket": "delivery-service-c1e7f.appspot.com"
  },
  "client": [
    {
      "client_info": {
        "mobilesdk_app_id": "1:892283443004:android:603fafba281b3a0c063039",
        "android_client_info": {
          "package_name": "com.adnanturgay.ridersapp"
        }
      },
      "oauth_client": [
        {
          "client_id": "892283443004-3cl1ku2eia5t7galg7un6l54a8pvd62v.apps.googleusercontent.com",
          "client_type": 3
        }
      ],
      "api_key": [
        {
          "current_key": "AIzaSyA4Qt3TSyvj3gki-WJXyXgiT0XPkN2qB3I"
        }
      ],
      "services": {
        "appinvite_service": {
          "other_platform_oauth_client": [
            {
              "client_id": "892283443004-3cl1ku2eia5t7galg7un6l54a8pvd62v.apps.googleusercontent.com",
              "client_type": 3
            },
            {
              "client_id": "892283443004-3aier90qa6jqojdhkmj846kal41tq35t.apps.googleusercontent.com",
              "client_type": 2,
              "ios_info": {
                "bundle_id": "com.adnanturgay.usersapp"
              }
            }
          ]
        }
      }
    },
    {
      "client_info": {
        "mobilesdk_app_id": "1:892283443004:android:3a86bead23370484063039",
        "android_client_info": {
          "package_name": "com.adnanturgay.sellersapp"
        }
      },
      "oauth_client": [
        {
          "client_id": "892283443004-3cl1ku2eia5t7galg7un6l54a8pvd62v.apps.googleusercontent.com",
          "client_type": 3
        }
      ],
      "api_key": [
        {
          "current_key": "AIzaSyA4Qt3TSyvj3gki-WJXyXgiT0XPkN2qB3I"
        }
      ],
      "services": {
        "appinvite_service": {
          "other_platform_oauth_client": [
            {
              "client_id": "892283443004-3cl1ku2eia5t7galg7un6l54a8pvd62v.apps.googleusercontent.com",
              "client_type": 3
            },
            {
              "client_id": "892283443004-3aier90qa6jqojdhkmj846kal41tq35t.apps.googleusercontent.com",
              "client_type": 2,
              "ios_info": {
                "bundle_id": "com.adnanturgay.usersapp"
              }
            }
          ]
        }
      }
    },
    {
      "client_info": {
        "mobilesdk_app_id": "1:892283443004:android:1b9e7d82e3bb6cab063039",
        "android_client_info": {
          "package_name": "com.adnanturgay.usersapp"
        }
      },
      "oauth_client": [
        {
          "client_id": "892283443004-3cl1ku2eia5t7galg7un6l54a8pvd62v.apps.googleusercontent.com",
          "client_type": 3
        }
      ],
      "api_key": [
        {
          "current_key": "AIzaSyA4Qt3TSyvj3gki-WJXyXgiT0XPkN2qB3I"
        }
      ],
      "services": {
        "appinvite_service": {
          "other_platform_oauth_client": [
            {
              "client_id": "892283443004-3cl1ku2eia5t7galg7un6l54a8pvd62v.apps.googleusercontent.com",
              "client_type": 3
            },
            {
              "client_id": "892283443004-3aier90qa6jqojdhkmj846kal41tq35t.apps.googleusercontent.com",
              "client_type": 2,
              "ios_info": {
                "bundle_id": "com.adnanturgay.usersapp"
              }
            }
          ]
        }
      }
    },
    {
      "client_info": {
        "mobilesdk_app_id": "1:892283443004:android:efa6d2cba84b7e73063039",
        "android_client_info": {
          "package_name": "com.delivery.app"
        }
      },
      "oauth_client": [
        {
          "client_id": "892283443004-3cl1ku2eia5t7galg7un6l54a8pvd62v.apps.googleusercontent.com",
          "client_type": 3
        }
      ],
      "api_key": [
        {
          "current_key": "AIzaSyA4Qt3TSyvj3gki-WJXyXgiT0XPkN2qB3I"
        }
      ],
      "services": {
        "appinvite_service": {
          "other_platform_oauth_client": [
            {
              "client_id": "892283443004-3cl1ku2eia5t7galg7un6l54a8pvd62v.apps.googleusercontent.com",
              "client_type": 3
            },
            {
              "client_id": "892283443004-3aier90qa6jqojdhkmj846kal41tq35t.apps.googleusercontent.com",
              "client_type": 2,
              "ios_info": {
                "bundle_id": "com.adnanturgay.usersapp"
              }
            }
          ]
        }
      }
    },
    {
      "client_info": {
        "mobilesdk_app_id": "1:892283443004:android:88fbf1e6248458d7063039",
        "android_client_info": {
          "package_name": "com.delivery.seller"
        }
      },
      "oauth_client": [
        {
          "client_id": "892283443004-3cl1ku2eia5t7galg7un6l54a8pvd62v.apps.googleusercontent.com",
          "client_type": 3
        }
      ],
      "api_key": [
        {
          "current_key": "AIzaSyA4Qt3TSyvj3gki-WJXyXgiT0XPkN2qB3I"
        }
      ],
      "services": {
        "appinvite_service": {
          "other_platform_oauth_client": [
            {
              "client_id": "892283443004-3cl1ku2eia5t7galg7un6l54a8pvd62v.apps.googleusercontent.com",
              "client_type": 3
            },
            {
              "client_id": "892283443004-3aier90qa6jqojdhkmj846kal41tq35t.apps.googleusercontent.com",
              "client_type": 2,
              "ios_info": {
                "bundle_id": "com.adnanturgay.usersapp"
              }
            }
          ]
        }
      }
    },
    {
      "client_info": {
        "mobilesdk_app_id": "1:892283443004:android:9a7a84048308aa11063039",
        "android_client_info": {
          "package_name": "com.delivery.user"
        }
      },
      "oauth_client": [
        {
          "client_id": "892283443004-3cl1ku2eia5t7galg7un6l54a8pvd62v.apps.googleusercontent.com",
          "client_type": 3
        }
      ],
      "api_key": [
        {
          "current_key": "AIzaSyA4Qt3TSyvj3gki-WJXyXgiT0XPkN2qB3I"
        }
      ],
      "services": {
        "appinvite_service": {
          "other_platform_oauth_client": [
            {
              "client_id": "892283443004-3cl1ku2eia5t7galg7un6l54a8pvd62v.apps.googleusercontent.com",
              "client_type": 3
            },
            {
              "client_id": "892283443004-3aier90qa6jqojdhkmj846kal41tq35t.apps.googleusercontent.com",
              "client_type": 2,
              "ios_info": {
                "bundle_id": "com.adnanturgay.usersapp"
              }
            }
          ]
        }
      }
    },
    {
      "client_info": {
        "mobilesdk_app_id": "1:892283443004:android:7e4657e03e23af50063039",
        "android_client_info": {
          "package_name": "com.example.bringapp_admin_web_portal"
        }
      },
      "oauth_client": [
        {
          "client_id": "892283443004-3cl1ku2eia5t7galg7un6l54a8pvd62v.apps.googleusercontent.com",
          "client_type": 3
        }
      ],
      "api_key": [
        {
          "current_key": "AIzaSyA4Qt3TSyvj3gki-WJXyXgiT0XPkN2qB3I"
        }
      ],
      "services": {
        "appinvite_service": {
          "other_platform_oauth_client": [
            {
              "client_id": "892283443004-3cl1ku2eia5t7galg7un6l54a8pvd62v.apps.googleusercontent.com",
              "client_type": 3
            },
            {
              "client_id": "892283443004-3aier90qa6jqojdhkmj846kal41tq35t.apps.googleusercontent.com",
              "client_type": 2,
              "ios_info": {
                "bundle_id": "com.adnanturgay.usersapp"
              }
            }
          ]
        }
      }
    },
    {
      "client_info": {
        "mobilesdk_app_id": "1:892283443004:android:2110a6b3a61fddff063039",
        "android_client_info": {
          "package_name": "template.delivery.rider"
        }
      },
      "oauth_client": [
        {
          "client_id": "892283443004-3cl1ku2eia5t7galg7un6l54a8pvd62v.apps.googleusercontent.com",
          "client_type": 3
        }
      ],
      "api_key": [
        {
          "current_key": "AIzaSyA4Qt3TSyvj3gki-WJXyXgiT0XPkN2qB3I"
        }
      ],
      "services": {
        "appinvite_service": {
          "other_platform_oauth_client": [
            {
              "client_id": "892283443004-3cl1ku2eia5t7galg7un6l54a8pvd62v.apps.googleusercontent.com",
              "client_type": 3
            },
            {
              "client_id": "892283443004-3aier90qa6jqojdhkmj846kal41tq35t.apps.googleusercontent.com",
              "client_type": 2,
              "ios_info": {
                "bundle_id": "com.adnanturgay.usersapp"
              }
            }
          ]
        }
      }
    },
    {
      "client_info": {
        "mobilesdk_app_id": "1:892283443004:android:574fd59cfa90b322063039",
        "android_client_info": {
          "package_name": "template.delivery.user"
        }
      },
      "oauth_client": [
        {
          "client_id": "892283443004-3cl1ku2eia5t7galg7un6l54a8pvd62v.apps.googleusercontent.com",
          "client_type": 3
        }
      ],
      "api_key": [
        {
          "current_key": "AIzaSyA4Qt3TSyvj3gki-WJXyXgiT0XPkN2qB3I"
        }
      ],
      "services": {
        "appinvite_service": {
          "other_platform_oauth_client": [
            {
              "client_id": "892283443004-3cl1ku2eia5t7galg7un6l54a8pvd62v.apps.googleusercontent.com",
              "client_type": 3
            },
            {
              "client_id": "892283443004-3aier90qa6jqojdhkmj846kal41tq35t.apps.googleusercontent.com",
              "client_type": 2,
              "ios_info": {
                "bundle_id": "com.adnanturgay.usersapp"
              }
            }
          ]
        }
      }
    }
  ],
  "configuration_version": "1"
}